{
  "gbr_n": 344,
  "gbr_lr": 0.07649139783638807,
  "gbr_depth": 6,
  "gbr_sub": 0.6527322474780691,
  "xgb_n": 276,
  "xgb_lr": 0.04825872273773772,
  "xgb_depth": 7
}