{
  "gbr_n": 307,
  "gbr_lr": 0.06311371366946772,
  "gbr_depth": 6,
  "gbr_sub": 0.7639269726868908,
  "xgb_n": 499,
  "xgb_lr": 0.029151641803366362,
  "xgb_depth": 3
}